{"chunk_definitions":[{"row":33,"row_count":1,"visible":true,"expansion_state":0,"options":{"engine":"r","echo":true,"cache":true,"label":"unnamed-chunk-1"},"document_id":"0300073E","chunk_id":"cnu6z7ipts9kq","chunk_label":"unnamed-chunk-1"},{"row":120,"row_count":1,"visible":true,"expansion_state":0,"options":{"engine":"r","label":"unnamed-chunk-53"},"document_id":"0300073E","chunk_id":"ci5wk8k4z8qca","chunk_label":"unnamed-chunk-2"},{"row":138,"row_count":1,"visible":true,"expansion_state":0,"options":{"engine":"r","label":"unnamed-chunk-114"},"document_id":"0300073E","chunk_id":"co3koqtgy9rqf","chunk_label":"unnamed-chunk-4"},{"row":141,"row_count":1,"visible":true,"expansion_state":0,"options":{"engine":"r","label":"unnamed-chunk-97"},"document_id":"0300073E","chunk_id":"ctc0pwzd9o6zm","chunk_label":"unnamed-chunk-5"},{"row":149,"row_count":1,"visible":true,"expansion_state":0,"options":{"engine":"r","label":"unnamed-chunk-113"},"document_id":"0300073E","chunk_id":"ciu7zy8i9t79j","chunk_label":"unnamed-chunk-6"}],"doc_write_time":1632177968}