{"chunk_definitions":[{"row":33,"row_count":1,"visible":true,"expansion_state":0,"options":{"engine":"r","echo":true,"cache":true,"label":"unnamed-chunk-1"},"document_id":"0300073E","chunk_id":"cnu6z7ipts9kq","chunk_label":"unnamed-chunk-1"},{"row":123,"row_count":1,"visible":true,"expansion_state":0,"options":{"engine":"r","label":"unnamed-chunk-4"},"document_id":"0300073E","chunk_id":"c9xod7bq4ozbn","chunk_label":"unnamed-chunk-2"},{"row":135,"row_count":1,"visible":true,"expansion_state":0,"options":{"engine":"r","label":"unnamed-chunk-5"},"document_id":"0300073E","chunk_id":"ckx8hdzxy34fk","chunk_label":"unnamed-chunk-3"},{"row":141,"row_count":1,"visible":true,"expansion_state":0,"options":{"engine":"r","label":"unnamed-chunk-6"},"document_id":"0300073E","chunk_id":"cx5a6ojvkfdl7","chunk_label":"unnamed-chunk-4"},{"row":144,"row_count":1,"visible":true,"expansion_state":0,"options":{"engine":"r","label":"unnamed-chunk-7"},"document_id":"0300073E","chunk_id":"ciu7zy8i9t79j","chunk_label":"unnamed-chunk-5"},{"row":152,"row_count":1,"visible":true,"expansion_state":0,"options":{"engine":"r","label":"unnamed-chunk-8"},"document_id":"0300073E","chunk_id":"cssz8iv4oop3u","chunk_label":"unnamed-chunk-6"}],"doc_write_time":1632179625}